TTGAACCG,A375_CP2240_repA
AATCCAGC,A375_CP2240_repA
CCGAGTTA,A375_CP2240_repA
AACTGTTA,A375_CP2240_repB
TTGAGTAT,A375_CP2240_repB
TTCTCAGC,A375_CP2240_repB
CCTCCAAT,K562_CP2240_repA
TTAGACTA,K562_CP2240_repA
GGTCACCG,K562_CP2240_repA
CCTCTGTA,K562_CP2240_repB
TTGACAAT,K562_CP2240_repB
AAGACATA,K562_CP2240_repB
AATCCAAT,A375_CP2240_repA
CCGAGTAT,A375_CP2240_repA
TTCTCATA,A375_CP2240_repA
AACTGTGC,A375_CP2240_repB
AATCCACG,A375_CP2240_repB
TTCTACTA,A375_CP2240_repB
AATCGTGC,K562_CP2240_repA
GGCTACCG,K562_CP2240_repA
AAGAACTA,K562_CP2240_repA
AACTTGTA,K562_CP2240_repB
CCAGTGAT,K562_CP2240_repB
TTGATGCG,K562_CP2240_repB
GGTCGTGC,A375_CP2240_repA
GGAGTGTA,A375_CP2240_repA
TTAGACCG,A375_CP2240_repA
CCGAACAT,A375_CP2240_repB
GGTCCACG,A375_CP2240_repB
GGCTCAAT,A375_CP2240_repB
CCGAACTA,K562_CP2240_repA
CCTCACCG,K562_CP2240_repA
AACTCACG,K562_CP2240_repA
AATCTGAT,K562_CP2240_repB
AATCACTA,K562_CP2240_repB
CCGAACCG,K562_CP2240_repB
GGTCCATA,A375_CP2240_repA
AACTTGGC,A375_CP2240_repA
GGTCTGCG,A375_CP2240_repA
GGAGGTCG,A375_CP2240_repB
CCAGTGGC,A375_CP2240_repB
AACTACGC,A375_CP2240_repB
AACTTGCG,K562_CP2240_repA
AACTGTCG,K562_CP2240_repA
AAGATGCG,K562_CP2240_repA
TTGAACAT,K562_CP2240_repB
TTCTACGC,K562_CP2240_repB
GGCTACAT,K562_CP2240_repB
TTGAGTTA,A375_CP2240_repA
GGCTCACG,A375_CP2240_repA
CCTCTGAT,A375_CP2240_repA
CCTCCATA,A375_CP2240_repB
TTGAACGC,A375_CP2240_repB
TTCTTGCG,A375_CP2240_repB
GGCTGTCG,K562_CP2240_repA
CCGAGTCG,K562_CP2240_repA
TTCTTGTA,K562_CP2240_repA
AATCTGCG,K562_CP2240_repB
GGAGCAAT,K562_CP2240_repB
CCGAGTGC,K562_CP2240_repB
AAGAACAT,A375_CP2240_repA
GGAGACAT,A375_CP2240_repA
TTGAGTGC,A375_CP2240_repA
GGCTACTA,A375_CP2240_repB
TTGACACG,A375_CP2240_repB
AAGAACGC,A375_CP2240_repB
GGCTTGGC,K562_CP2240_repA
GGAGGTGC,K562_CP2240_repA
CCAGGTGC,K562_CP2240_repA
GGTCTGGC,K562_CP2240_repB
GGCTTGCG,K562_CP2240_repB
TTGATGTA,K562_CP2240_repB
GGCTACGC,A375_CP2240_repA
TTCTGTCG,A375_CP2240_repA
CCAGACTA,A375_CP2240_repA
AACTTGAT,A375_CP2240_repB
AACTACTA,A375_CP2240_repB
AAGAGTAT,A375_CP2240_repB
AACTACCG,K562_CP2240_repA
CCTCGTAT,K562_CP2240_repA
CCAGTGCG,K562_CP2240_repA
GGTCTGTA,K562_CP2240_repB
GGTCACGC,K562_CP2240_repB
CCGACATA,K562_CP2240_repB
AAGAGTCG,
CCGAACGC,
TTAGGTAT,
AATCACCG,
GGTCGTTA,
GGCTGTAT,
GGTCGTCG,
TTAGTGAT,
CCAGGTCG,pDNA_CP2240
TTGACATA,pDNA_CP2240
TTAGGTTA,pDNA_CP2240
AAGATGGC,pDNA_CP2240